Player,Annual salary
Jordan Zemura,4160000
David Brooks,2860000
Jefferson Lerma,2860000
Norberto Murara,2600000
Marcos Senesi,2600000
Dominic Solanke,2600000
Hamed Junior Traorè,2340000
Jack Stephens,2340000
Philip Billing,2080000
Lewis Cook,2080000
Ryan Fredericks,1820000
Chris Mepham,1820000
Adam Smith,1820000
Junior Stanislas,1820000
Ryan Christie,1560000
Lloyd Kelly,1560000
Jack Stacey,1560000
Marcus Tavernier,1040000
Mark Travers,1040000
Kieffer Moore,780000
Jaidon Anthony,520000
Joe Rothwell,416000
Dango Ouattara,NA
Darren Randolph,NA
Antoine Semenyo,NA
Ilya Zabarnyi,NA
Gabriel Jesus,13780000
Thomas Partey,10400000
Oleksandr Zinchenko,7800000
Ben White,6240000
Granit Xhaka,6240000
Martin Ødegaard,5980000
Kieran Tierney,5720000
Edward Nketiah,5200000
Gabriel Martinelli,4680000
Bukayo Saka,3640000
Aaron Ramsdale,3220000
Takehiro Tomiyasu,2910000
Mohamed Elneny,2600000
Gabriel Magalhães,2600000
Fábio Vieira,2360000
Leandro Trossard,2340000
Rob Holding,2080000
William Saliba,2080000
Emile Smith Rowe,2080000
Ainsley Maitland-Niles,1820000
Matt Turner,1820000
Jakub Kiwior,1508000
Reiss Nelson,780000
Jorge Luiz Frello Filho,NA
Lucas Digne,8500000
Boubacar Kamara,7800000
Philippe Coutinho,6500000
Emiliano Martinez,6240000
Leon Bailey,5200000
Diego Carlos,5200000
Leander Dendoncker,4680000
Matty Cash,4160000
Tyrone Mings,4160000
Robin Olsen,4160000
Emiliano Buendía,3900000
Douglas Luiz,3900000
Ollie Watkins,3900000
Jacob Ramsey,3640000
Jan Bednarek,3120000
Calum Chambers,2600000
John McGinn,2600000
Álex Moreno,1820000
Ezri Konsa,1560000
Ludwig Augustinsson,1040000
Jed Steer,1040000
Jhon Durán,NA
Ben Mee,2860000
Bryan Mbeumo,2340000
Kristoffer Ajer,1820000
Rico Henry,1820000
Keane Lewis-Potter,1820000
Christian Nørgaard,1820000
Mikkel Damsgaard,1560000
Aaron Hickey,1560000
Vitaly Janelt,1560000
Pontus Jansson,1300000
Frank Onyeka,1300000
David Raya,1300000
Thomas Strakosha,1300000
Ivan Toney,1092000
Josh Dasilva,1040000
Mathias Jensen,1040000
Yoane Wissa,1040000
Shandon Baptiste,780000
Saman Ghoddos,780000
Ethan Pinnock,780000
Mads Roerslev,520000
Fin Stevens,280000
Kevin Schade,250000
Mads Bech Sørensen,208000
Adam Lallana,4700000
Lewis Dunk,3900000
Pascal Gross,3120000
Adam Webster,2860000
Danny Welbeck,2860000
Pervis Estupiñán,2660000
Alexis Mac Allister,2600000
Solly March,2080000
Joel Veltman,2000000
Tariq Lamptey,1820000
Robert Sánchez,1300000
Billy Gilmour,1040000
Jason Steele,1040000
Moises Caicedo,780000
Julio Enciso,520000
Kaoru Mitoma,520000
Jakub Moder,520000
Jan Paul van Hecke,260000
Facundo Buonanotte,NA
Raheem Sterling,16900000
Kalidou Koulibaly,15340000
N'Golo Kante,15080000
Reece James,13000000
Wesley Fofana,10400000
Ben Chilwell,9880000
César Azpilicueta,9360000
Marc Cucurella,9100000
Pierre-Emerick Aubameyang,8320000
Enzo Fernández,8190000
Kepa Arrizabalaga,7800000
Kai Havertz,7800000
Christian Pulisic,7800000
Ruben Loftus-Cheek,6240000
João Félix,5720000
Thiago Silva,5720000
Carney Chukwuemeka,5200000
David Fofana,5200000
Mateo Kovacic,5200000
Hakim Ziyech,5200000
Denis Zakaria,4680000
Mason Mount,4160000
Edouard Mendy,2860000
Trevoh Chalobah,2600000
Conor Gallagher,2600000
Mykhailo Mudryk,2600000
Benoit Badiashile,2340000
Armando Broja,2080000
Marcus Bettinelli,1820000
Gabriel Slonina,1040000
Malo Gusto,NA
Noni Madueke,NA
Wilfried Zaha,6760000
Odsonne Edouard,4930000
Nathaniel Clyne,4200000
Joachim Andersen,4130000
Vicente Guaita,4004000
Luka Milivojevic,3900000
Cheick Doucouré,3120000
James McArthur,2860000
Chris Richards,2860000
Jairo Riedewald,2860000
Albert Sambi Lokonga,2700000
Marc Guehi,2610000
Jean-Philippe Mateta,2600000
Jeffrey Schlupp,2600000
James Tomkins,2600000
Michael Olise,2470000
Tyrick Mitchell,2080000
Jordan Ayew,1820000
Jack Butland,1820000
Will Hughes,1820000
Joel Ward,1820000
Eberech Eze,1560000
Nathan Ferguson,1500000
Naouirou Ahamada,NA
Abdoulaye Doucouré,6240000
Alex Iwobi,6240000
Yerry Mina,6240000
Dominic Calvert-Lewin,5200000
Amadou Onana,5200000
Jordan Pickford,5200000
James Tarkowski,5200000
Idrissa Gueye,4160000
Michael Keane,4160000
Ben Godfrey,4000000
Mason Holgate,3640000
Vitaliy Mykolenko,3016000
Conor Coady,2860000
Seamus Coleman,2860000
Neal Maupay,2600000
Asmir Begovic,2340000
Andros Townsend,2080000
James Garner,1560000
Nathan Patterson,1456000
Tom Davies,1300000
Demarai Gray,1300000
Dwight McNeil,1300000
Ruben Vinagre,1250000
Anthony Gordon,520000
Eldin Jakupovic,260000
Ellis Simms,NA
Bernd Leno,4680000
Layvin Kurzawa,4640000
Aleksandar Mitrovic,4160000
Cedric Soares,3900000
Issa Diop,3640000
Kenny Tete,2650000
Daniel James,2600000
João Palhinha,2600000
Andreas Pereira,2600000
Tosin Adarabioyo,2110000
Willian da Silva,2080000
Shane Duffy,2080000
Carlos Vinícius,2080000
Bobby Reid,1950000
Harry Wilson,1820000
Sasa Lukic,1638000
Tom Cairney,1560000
Neeskens Kebano,1560000
Tim Ream,1560000
Harrison Reed,1560000
Antonee Robinson,1430000
Manor Solomon,1040000
Marek Rodak,780000
George Wickens,260000
Sylvester Jasper,NA
Rodrigo Machado,5200000
Patrick Bamford,3640000
Luis Sinisterra,3380000
Junior Firpo,3120000
Tyler Adams,2860000
Jack Harrison,2600000
Marc Roca,2600000
Pascal Struijk,2600000
Brenden Aaronson,2340000
Stuart Dallas,2340000
Robin Koch,2080000
Rasmus Kristensen,2080000
Georginio Rutter,1820000
Sam Greenwood,1560000
Illan Meslier,1560000
Liam Cooper,1300000
Luke Ayling,1040000
Adam Forshaw,1040000
Wilfried Gnonto,1040000
Joel Robles,1040000
Joe Gelhardt,860000
Crysencio Summerville,780000
Kristoffer Klaesson,570000
Maximilian Wöber,NA
Jamie Vardy,7280000
James Maddison,5720000
Jonny Evans,5200000
Ryan Bertrand,4160000
Kelechi Iheanacho,4160000
Ricardo Pereira,4160000
Boubakary Soumaré,4160000
Patson Daka,3900000
Onyinye Ndidi,3900000
Dennis Praet,3900000
Jannik Vestergaard,3640000
Timothy Castagne,3380000
Nampalys Mendy,2860000
Wout Faes,2600000
Caglar Soyuncu,2340000
Harvey Barnes,2080000
Danny Ward,2080000
Youri Tielemans,1820000
James Justin,1560000
Alex Smithies,1560000
Daniel Amartey,1090000
Kiernan Dewsbury-Hall,1040000
Luke Thomas,600000
Victor Kristiansen,NA
Mateus Martins,NA
Harry Souttar,NA
Thanawat Suengchitthawon,NA
Mohamed Salah,18200000
Virgil Van Dijk,11440000
Thiago Alcántara do Nascimento,10400000
Trent Alexander-Arnold,9360000
Roberto Firmino,9360000
Fabinho Tavares,9360000
Alisson Becker,7800000
Jordan Henderson,7280000
Diogo Jota,7280000
Darwin Núñez,7280000
Naby Keita,6240000
Alex Oxlade-Chamberlain,6240000
Arthur Melo,5720000
Joel Matip,5200000
Andrew Robertson,5200000
Joe Gomez,4420000
Ibrahima Konate,3640000
Nathaniel Phillips,3360000
Cody Gakpo,3120000
James Milner,3120000
Adrian San Miguel del Castillo,3016000
Luis Díaz,2912000
Konstantinos Tsimikas,2600000
Fabio Carvalho,2080000
Harvey Elliott,2080000
Curtis Jones,780000
Calvin Ramsay,780000
Caoimhin Kelleher,520000
Stefan Bajcetic,NA
Kevin De Bruyne,20800000
Erling Haaland,19500000
Jack Grealish,15600000
John Stones,13000000
Phil Foden,11700000
Rodrigo Hernández Cascante,11440000
Manuel Akanji,9360000
Ruben Dias,9360000
Riyad Mahrez,8320000
Kyle Walker,8320000
Kalvin Phillips,7800000
Bernardo Silva,7800000
Ilkay Gundogan,7280000
Aymeric Laporte,6240000
Ederson Moraes,5200000
Nathan Ake,4800000
Benjamin Mendy,4680000
Stefan Ortega,2860000
Julian Álvarez,2600000
Sergio Gomez,2600000
Scott Carson,1560000
Cole Palmer,1040000
Máximo Perrone,780000
David De Gea,19500000
Jadon Sancho,18200000
Raphael Varane,17680000
Carlos Casimiro,15600000
Anthony Martial,13000000
Bruno Fernandes,12480000
Antony dos Santo,10400000
Marcus Rashford,10400000
Harry Maguire,9875000
Christian Eriksen,7800000
Luke Shaw,7800000
Frederico de Paula Santos,6240000
Victor Lindelof,6240000
Lisandro Martínez,6240000
Donny van de Beek,6240000
Aaron Wan-Bissaka,4680000
Mason Greenwood,3900000
Phil Jones,3900000
Tyrell Malacia,3900000
Brandon Williams,3380000
Scott McTominay,3120000
Marcel Sabitzer,2860000
Tom Heaton,2180000
Diogo Dalot,1300000
Facundo Pellistri,1040000
Anthony Elanga,260000
Teden Mengi,260000
Kobbie Mainoo,NA
Bruno Guimarães,6240000
Alexander Isak,6240000
Matt Targett,5200000
Kieran Trippier,5200000
Sven Botman,4680000
Joelinton Cassio Apolinário de Lira,4500000
Joe Willock,4160000
Nick Pope,3120000
Emil Krafth,2860000
Sean Longstaff,2600000
Callum Wilson,2400000
Matt Ritchie,2340000
Miguel Almiron,2201000
Ryan Fraser,2173600
Jamaal Lascelles,2080000
Fabian Schar,2080000
Jamal Lewis,2000000
Allan Saint-Maximin,2000000
Martin Dubravka,1976000
Dan Burn,1820000
Paul Dummett,1820000
Javier Manquillo,1820000
Jacob Murphy,1820000
Elliot Anderson,1560000
Mark Gillespie,600000
Matthew Longstaff,390000
Kell Watts,NA
Jesse Lingard,10400000
Dean Henderson,5200000
Morgan Gibbs-White,4160000
Chris Wood,4160000
Keylor Navas,3380000
Renan Lodi,3240000
Taiwo Awoniyi,2600000
Neco Williams,2600000
Cheikhou Kouyate,2340000
Moussa Niakhaté,2340000
Willy Boly,2080000
Emmanuel Dennis,2080000
Remo Freuler,2080000
Steve Cook,1830000
Serge Aurier,1820000
Brennan Johnson,1560000
Orel Mangala,1560000
Omar Richards,1560000
Ryan Yates,1300000
Harry Arter,1160000
Giulian Biancone,1040000
Scott McKenna,1040000
Lyle Taylor,1040000
Jack Colback,780000
Danilo Luiz da Silva,780000
Wayne Hennessey,780000
Gustavo Scarpa,780000
Sam Surridge,780000
Harry Toffolo,780000
Joe Worrall,780000
Carlos Miguel Ribiero Dias,520000
Jordan Smith,130000
Brandon Aguilera,NA
Felipe Augusto de Almeida,NA
Andre Ayew,NA
Adnan Kanuric,NA
Jonjo Shelvey,NA
James Ward-Prowse,5200000
Theo Walcott,3900000
Joe Aribo,3640000
Stuart Armstrong,3380000
Moussa Djenepo,3380000
Mohamed Elyounoussi,3120000
Adam Armstrong,2860000
Ibrahima Diallo,2860000
Alex McCarthy,2600000
Duje Caleta-Car,2080000
Mislav Orsic,2080000
Romain Perraud,2040000
Ainsley Maitland-Niles,1820000
Lyanco Vojnovic,1820000
Che Adams,1560000
Roméo Lavia,1300000
Sékou Mara,1300000
Mohammed Salisu,1300000
Kyle Walker-Peters,1200000
Gavin Bazunu,1040000
Willy Caballero,1040000
Armel Bella-Kotchap,780000
Samuel Edozie,780000
Valentino Livramento,416000
Carlos Alcaraz,NA
James Bree,NA
Paul Onuachu,NA
Kamaldeen Sulemana,NA
Harry Kane,10400000
Heung-Min Son,9984000
Ivan Perisic,9270000
Cristian Romero,8580000
Clément Lenglet,7540000
Dejan Kulusevski,5720000
Pierre-Emile Hojbjerg,5300000
Hugo Lloris,5200000
Richarlison de Andrade,4680000
Lucas Moura,4680000
Eric Dier,4420000
Ben Davies,4160000
Rodrigo Bentancur,3900000
Fraser Forster,3900000
Davinson Sanchez,3380000
Ryan Sessegnon,3000000
Yves Bissouma,2860000
Pedro Porro,2210000
Emerson Royal,2170000
Bryan Gil,2080000
Oliver Skipp,2080000
Japhet Tanganga,1300000
Pape Sarr,1040000
Arnaut Danjuma,624000
Brandon Austin,260000
Lucas Paquetá,7800000
Alphonse Areola,6240000
Kurt Zouma,6240000
Emerson Palmieri,4940000
Gianluca Scamacca,4680000
Michail Antonio,4420000
Thilo Kehrer,4160000
Manuel Lanzini,3640000
Angelo Ogbonna,3640000
Pablo Fornals,3500000
Tomas Soucek,3500000
Maxwel Cornet,3380000
Lukasz Fabianski,3380000
Jared Bowen,3120000
Declan Rice,3120000
Saïd Benrahma,2860000
Nayef Aguerd,2600000
Aaron Cresswell,2600000
Vladimir Coufal,1820000
Flynn Downes,1300000
Ben Johnson,1040000
Jamal Baptiste,NA
Luiz Goulart,NA
Danny Ings,NA
Raul Jimenez,5200000
Jose Moutinho,5200000
Gonçalo Guedes,4680000
Matheus Nunes,4420000
Nelson Semedo,4160000
Daniel Podence,3120000
Adama Traore,2860000
Boubacar Traoré,2860000
Diego Costa,2600000
Pedro Neto,2600000
Ruben Neves,2600000
Jonny Castro,1907000
Jonny Otto,1907000
Sasa Kalajdzic,1820000
Matheus Cunha,1560000
José Sá,1490000
Nathan Collins,1040000
Max Kilman,780000
Rayan Aït-Nouri,520000
Francisco Oliveira,520000
Toti Gomes,260000
Daniel Bentley,NA
Craig Dawson,NA
Joe Hodge,NA
Mario Lemina,NA
Louie Moulden,NA
Pablo Sarabia,NA
Andreas Söndergaard,NA
